{
  "name": "angular-cookies",
  "version": "1.5.2",
  "license": "MIT",
  "main": "./angular-cookies.js",
  "ignore": [],
  "dependencies": {
    "angular": "1.5.2"
  },
  "homepage": "https://github.com/angular/bower-angular-cookies",
  "_release": "1.5.2",
  "_resolution": {
    "type": "version",
    "tag": "v1.5.2",
    "commit": "9e1b548093daa6a4a91a99b2cc95d390ac02abcf"
  },
  "_source": "https://github.com/angular/bower-angular-cookies.git",
  "_target": "1.5.2",
  "_originalSource": "angular-cookies"
}