{
  "name": "angular-aria",
  "version": "1.5.2",
  "license": "MIT",
  "main": "./angular-aria.js",
  "ignore": [],
  "dependencies": {
    "angular": "1.5.2"
  },
  "homepage": "https://github.com/angular/bower-angular-aria",
  "_release": "1.5.2",
  "_resolution": {
    "type": "version",
    "tag": "v1.5.2",
    "commit": "1c29a24347e9a98ac7ad483394265d27e279e98c"
  },
  "_source": "https://github.com/angular/bower-angular-aria.git",
  "_target": "1.5.2",
  "_originalSource": "angular-aria"
}